id,name,birth_date,gender,country
1,Rois Heisler,1987-12-12,OSTALO,38
2,Drusi Paler,1999-03-12,NEPOZNATO,56
3,Byram Bille,1995-04-21,MUŠKI,16
4,Lamond Coaten,1999-11-18,OSTALO,68
5,Tracy Easun,1982-12-05,MUŠKI,13
6,Larissa Bedford,1993-03-22,OSTALO,3
7,Alick Alexandersen,1993-11-15,OSTALO,48
8,Nelson Maysor,1986-05-27,NEPOZNATO,60
9,Monti Rugg,2001-01-16,NEPOZNATO,57
10,Harald Andreacci,2001-06-11,ŽENSKI,7
11,Malanie Mackelworth,1986-07-17,MUŠKI,43
12,Romola Hartill,2004-07-19,MUŠKI,38
13,Conan Bubbings,1983-11-26,NEPOZNATO,49
14,Melinda Couper,1983-03-26,NEPOZNATO,34
15,Natalya Extill,1982-09-23,ŽENSKI,4
16,Tabbie Hawket,1997-09-02,OSTALO,3
17,Waiter Woolaston,2004-09-03,MUŠKI,24
18,Leilah Haryngton,1995-08-02,ŽENSKI,9
19,Russ Grout,1996-08-08,OSTALO,4
20,Tedi O'Geaney,1984-01-05,NEPOZNATO,5
21,Shaughn Elcoat,1981-08-16,MUŠKI,14
22,Aloisia Fearnside,1984-04-16,NEPOZNATO,42
23,Ardyce Brosius,1984-05-27,MUŠKI,28
24,Dana Alvar,1992-11-20,ŽENSKI,72
25,Klemens Eltone,1988-11-18,ŽENSKI,66
26,Demott Leaning,1990-10-13,NEPOZNATO,69
27,Bren Kirstein,2003-03-17,OSTALO,2
28,Dorry Erickssen,1987-10-30,MUŠKI,25
29,Gayelord Disbrow,1982-09-09,MUŠKI,58
30,Cris Kiln,1987-01-30,NEPOZNATO,62
31,Randee Hallam,1984-07-31,NEPOZNATO,20
32,Bastien Fearfull,1983-10-12,OSTALO,28
33,Mortimer Sayle,1992-03-21,MUŠKI,31
34,Ynes Osgardby,1981-01-30,ŽENSKI,20
35,Cecelia Dennistoun,1999-03-13,NEPOZNATO,33
36,Rocky Brodest,1980-07-09,NEPOZNATO,63
37,Janeva Pecht,1980-06-29,ŽENSKI,22
38,Shalna Brunon,1997-01-02,OSTALO,6
39,Gusta Reap,1995-10-11,MUŠKI,52
40,Erroll Durrans,2000-02-02,MUŠKI,46
41,Iggy Obispo,1986-02-01,NEPOZNATO,51
42,Guillermo Lumbley,1989-01-31,NEPOZNATO,14
43,Issie Lorenz,1998-08-30,ŽENSKI,42
44,Brendin Trevaskiss,1986-06-23,ŽENSKI,75
45,Lennard Hysom,1994-12-21,OSTALO,60
46,Celinka McCulley,2002-03-21,NEPOZNATO,34
47,Friederike Antoniewicz,2004-07-11,OSTALO,25
48,Danella Glavias,1992-04-29,MUŠKI,62
49,Hilarius Rickman,1995-06-18,ŽENSKI,23
50,Gayle Hamshaw,1986-02-04,NEPOZNATO,10
51,Marquita Lamonby,2002-11-17,MUŠKI,24
52,Dorothy Dowsett,2001-06-14,OSTALO,48
53,Sheppard McNulty,1987-09-08,OSTALO,17
54,Hillery Helix,1987-08-21,NEPOZNATO,49
55,Malia Johnstone,1986-04-11,NEPOZNATO,9
56,Elayne Jolliss,1995-09-25,OSTALO,47
57,Kerrin Scanterbury,1993-02-28,NEPOZNATO,21
58,Enoch Iacabucci,2003-06-18,ŽENSKI,13
59,Melanie Larkkem,1986-06-16,NEPOZNATO,76
60,Roshelle Connechie,1992-01-24,NEPOZNATO,8
61,Judith Lovekin,1995-08-23,ŽENSKI,45
62,Sondra Mellmer,2003-01-18,MUŠKI,22
63,Deni Gorgen,1990-03-04,OSTALO,44
64,Farlee Guierre,2004-08-13,NEPOZNATO,16
65,Mada Stanistrete,1980-10-28,MUŠKI,50
66,Marietta Rapley,1996-03-21,MUŠKI,33
67,Dame Pentecost,1991-11-30,MUŠKI,4
68,Tedra Digges,2000-08-13,ŽENSKI,23
69,Diena Westraw,1995-05-01,ŽENSKI,66
70,Nicolai Presdee,1987-12-02,MUŠKI,33
71,Michaela Pill,1993-11-16,OSTALO,12
72,Roscoe Lunnon,1985-07-28,MUŠKI,5
73,Alfi Nias,1995-12-12,OSTALO,56
74,Colby Mcimmie,1994-09-24,OSTALO,1
75,Silvia McLeish,2000-02-27,ŽENSKI,8
76,Idaline Ferreira,1995-04-05,MUŠKI,1
77,Germain Croizier,1990-10-18,OSTALO,2
78,Rowney Peploe,1992-06-13,MUŠKI,56
79,Berri Esposi,1993-07-10,MUŠKI,47
80,Pansy Bertelet,1986-11-05,MUŠKI,21
81,Vernon Janczyk,1984-01-24,OSTALO,45
82,Niels Mack,2000-06-18,OSTALO,30
83,Frans Rubury,1991-05-08,NEPOZNATO,9
84,Randi Chrichton,1988-03-14,MUŠKI,12
85,Pavlov Braney,1982-07-15,OSTALO,33
86,Gabi Yair,1989-06-02,ŽENSKI,65
87,Rania Ratnage,1996-10-18,MUŠKI,22
88,Waneta Swayte,1982-10-03,OSTALO,70
89,Rafi Thickens,1982-09-29,NEPOZNATO,65
90,Sandor Dabinett,1988-08-29,OSTALO,52
91,Susy Schulken,1998-05-20,MUŠKI,52
92,Sigfrid Tocqueville,1992-02-08,ŽENSKI,14
93,Lemmie Ropkins,2004-04-17,OSTALO,2
94,Chico Walduck,1994-07-21,ŽENSKI,40
95,Bonnee Swaile,1989-10-27,ŽENSKI,17
96,Vanessa Sentance,1997-05-17,ŽENSKI,51
97,Judd Nozzolinii,2004-11-07,NEPOZNATO,28
98,Manya Percifer,1991-10-06,ŽENSKI,34
99,Merna Scotson,1993-06-08,ŽENSKI,44
100,Christoper Jozwicki,1982-04-05,NEPOZNATO,27
101,Gratia Capnerhurst,1985-05-31,NEPOZNATO,51
102,Christy Boultwood,1983-02-26,ŽENSKI,66
103,Lalo Garnsworth,1991-03-18,MUŠKI,1
104,Roderick Peterkin,1995-02-27,ŽENSKI,2
105,Dacy Traut,1989-10-24,ŽENSKI,52
106,Jaquelyn Farley,1996-03-01,MUŠKI,35
107,Jami Perett,2002-02-14,OSTALO,29
108,Mike Padkin,1984-06-28,ŽENSKI,29
109,Blair Mellmer,1984-05-21,ŽENSKI,61
110,Katleen Milan,1999-12-12,MUŠKI,7
111,Eldredge Casazza,1995-06-02,ŽENSKI,67
112,Bartolomeo Eisenberg,1981-09-10,NEPOZNATO,38
113,Evan Brewster,1993-11-21,NEPOZNATO,70
114,Marsiella Rampling,1999-04-07,MUŠKI,22
115,Kathrine Whittenbury,1987-08-07,MUŠKI,47
116,Lane O'Hartagan,2001-12-26,NEPOZNATO,49
117,Aldin Emanuelov,2000-10-05,ŽENSKI,45
118,Ryley Fedorchenko,1988-01-16,OSTALO,64
119,Dollie Goldhawk,2004-08-17,OSTALO,10
120,Mordy Pernell,2001-10-07,MUŠKI,42
121,Quintana Dabnot,1988-03-19,ŽENSKI,54
122,Rafa Healks,1992-07-27,NEPOZNATO,68
123,Aigneis Bewicke,1988-04-10,MUŠKI,42
124,Daniel Borg-Bartolo,1988-03-02,MUŠKI,69
125,Gwendolyn Liddel,2000-04-22,NEPOZNATO,28
126,Nicko Domeny,1980-10-03,NEPOZNATO,38
127,Clem Simeonov,1988-07-16,MUŠKI,41
128,Standford Doutch,1991-04-20,NEPOZNATO,17
129,Bertine Thrift,1984-12-12,MUŠKI,14
130,Iona Free,1997-05-10,OSTALO,51
131,Roch Daniele,1983-04-14,NEPOZNATO,9
132,Anett Machan,1997-06-18,MUŠKI,61
133,Dulcie Galbreth,1989-07-29,MUŠKI,65
134,Salem Peaseman,1996-04-29,ŽENSKI,68
135,Isabella Ryal,1995-10-07,MUŠKI,52
136,Stearne Helwig,1982-07-21,MUŠKI,16
137,Linea Wingeatt,1980-02-10,MUŠKI,59
138,Pierce Stoppe,1992-10-30,MUŠKI,46
139,Roosevelt Mosley,2004-04-05,ŽENSKI,27
140,Wendy Yanukhin,2004-04-28,NEPOZNATO,64
141,Brittaney De Wolfe,1987-08-07,OSTALO,45
142,Fabe Jeffray,1980-03-05,NEPOZNATO,67
143,Beverie Bessey,1989-06-07,OSTALO,42
144,Lonni Roderick,1982-12-20,NEPOZNATO,43
145,Dorthy Kildea,1988-04-28,ŽENSKI,49
146,Alon Hurburt,1985-11-23,MUŠKI,39
147,Claudette Bedinham,2002-10-30,MUŠKI,29
148,Killy Thecham,1992-06-24,ŽENSKI,40
149,Averil Tickel,2001-03-16,ŽENSKI,40
150,Gualterio Charity,1986-05-18,NEPOZNATO,63
151,Pippa Digges,2002-06-08,ŽENSKI,55
152,Stacee Rontsch,1993-06-07,OSTALO,40
153,Basilio Tattersdill,1985-09-16,MUŠKI,18
154,Rozina Cuningham,2001-11-24,NEPOZNATO,48
155,Liliane Ernshaw,1981-02-23,MUŠKI,72
156,Derby Neilson,1987-04-03,ŽENSKI,65
157,Syman Nanni,1993-03-10,ŽENSKI,60
158,Jack Damsell,1994-08-25,NEPOZNATO,68
159,Elladine Huxton,1997-12-30,MUŠKI,25
160,Dani Dunton,1991-09-28,ŽENSKI,76
161,Valentine Rossbrook,1994-07-23,NEPOZNATO,38
162,Scarface Grendon,1990-04-24,MUŠKI,59
163,Melinde Denne,1991-02-22,ŽENSKI,47
164,Skippy Long,1997-09-12,OSTALO,68
165,Agna MacLardie,1998-09-22,OSTALO,67
166,Clem Duguid,1982-07-04,NEPOZNATO,26
167,Herbie O'Cosgra,1991-05-15,MUŠKI,64
168,Calv O'Shee,1991-05-27,OSTALO,71
169,Bonnie Thurbon,2000-09-12,NEPOZNATO,62
170,Ferne Swanston,2001-03-07,MUŠKI,21
171,Sibbie Driver,1995-08-01,NEPOZNATO,25
172,Orelee Marishenko,2000-03-28,NEPOZNATO,71
173,Sigfrid Brisseau,1987-09-05,OSTALO,48
174,Ruperta Eldershaw,1981-01-05,ŽENSKI,74
175,Rad Goodin,2002-12-21,OSTALO,51
176,Franciska Dutteridge,2004-02-29,NEPOZNATO,70
177,Krishnah Ecles,1992-10-26,ŽENSKI,59
178,Mahala Ortet,1987-08-19,NEPOZNATO,63
179,Candice Dengel,1988-02-24,OSTALO,46
180,Wynn Poundsford,1995-05-01,MUŠKI,69
181,Wanids Zecchini,1999-07-31,MUŠKI,67
182,Lorraine Anderl,1994-07-05,MUŠKI,24
183,Joseph Aumerle,1988-07-09,OSTALO,76
184,Veronike Ivanikhin,1980-02-27,ŽENSKI,42
185,Gertrude Siddon,2000-10-25,OSTALO,20
186,Kathi Girke,1996-02-13,ŽENSKI,36
187,Darcie Nower,1980-08-05,ŽENSKI,33
188,Jemima Broske,2000-09-04,NEPOZNATO,18
189,Claudina Strute,2001-11-10,OSTALO,53
190,Shena Lewnden,1993-05-10,MUŠKI,55
191,Arlin Musterd,1993-05-12,NEPOZNATO,40
192,Sig Olliver,1992-03-18,ŽENSKI,55
193,Annora McGlade,2000-09-22,OSTALO,30
194,Alberik Armfield,2001-06-07,ŽENSKI,41
195,Cathrin Folds,1990-06-26,NEPOZNATO,30
196,Ferne Braunstein,1988-09-13,OSTALO,56
197,Amabelle Loweth,1991-01-28,OSTALO,48
198,Cloe Hollingshead,1987-04-11,MUŠKI,61
199,Meridith Slucock,1997-01-29,ŽENSKI,17
200,Cornell Aronstein,1992-11-16,ŽENSKI,72
201,Clemente Brittle,1984-10-08,ŽENSKI,70
202,Casper Allender,1991-01-19,OSTALO,19
203,Dexter Yannoni,1999-04-17,ŽENSKI,75
204,Wilbur Blaydon,1987-06-08,OSTALO,27
205,Nanci Emanuel,1988-09-15,MUŠKI,6
206,Jenda Haverty,2002-07-28,MUŠKI,47
207,Beryl Stoke,1999-01-14,MUŠKI,17
208,Sibley Measham,1982-09-05,MUŠKI,2
209,Carolan Micka,2000-02-08,NEPOZNATO,11
210,Kylie Hunting,1997-04-03,NEPOZNATO,8
211,Dotti Orhrt,1987-02-09,MUŠKI,75
212,Nerte Semrad,1995-11-28,OSTALO,66
213,Sosanna Hazelden,2002-10-01,OSTALO,64
214,Jeniffer Abbess,1985-11-02,NEPOZNATO,3
215,Hilliary Quixley,1989-04-27,OSTALO,73
216,Pinchas Guiden,2000-04-10,MUŠKI,61
217,Daisey Luten,1981-01-10,MUŠKI,71
218,Rhett McKenzie,1987-08-01,OSTALO,29
219,Leeann Roberti,1983-05-27,NEPOZNATO,2
220,Janela Vernham,1990-11-23,MUŠKI,52
221,Aurlie McElrea,2004-05-19,MUŠKI,6
222,Lethia Olifaunt,1980-09-22,NEPOZNATO,45
223,Cornelius Birkenshaw,1998-02-28,ŽENSKI,14
224,Innis Gerren,1993-03-31,ŽENSKI,62
225,Tristam Caistor,1995-07-24,OSTALO,28
226,Ken Albany,1995-05-27,OSTALO,38
227,Brien Faussett,1989-04-28,OSTALO,10
228,Leo Meany,1997-12-29,ŽENSKI,16
229,Dorothee Elvish,2004-08-21,NEPOZNATO,1
230,Colver Rosier,1996-10-24,ŽENSKI,76
231,Janaya Rodrig,2002-07-26,OSTALO,58
232,Edwina Volant,1996-12-01,NEPOZNATO,20
233,Angelia Whatford,1996-02-23,MUŠKI,62
234,Birk Growcott,1986-01-15,NEPOZNATO,43
235,Melesa Samms,1993-03-22,OSTALO,49
236,Farlay Basile,1992-02-09,ŽENSKI,24
237,Katine Soughton,1992-05-05,NEPOZNATO,72
238,Edouard Machent,1987-02-02,OSTALO,49
239,Hildy Thelwll,1981-02-20,NEPOZNATO,3
240,Mab Grigoryev,2003-12-14,NEPOZNATO,15
241,Trix Vellden,1985-05-20,MUŠKI,29
242,Grier Sustins,1994-05-08,OSTALO,17
243,Howard Lockton,1992-07-20,OSTALO,68
244,Lauri Miko,1980-08-20,ŽENSKI,53
245,Annabella Kernan,1984-08-22,ŽENSKI,64
246,Rabi Catterill,1993-04-30,ŽENSKI,25
247,Pierrette Thumnel,2002-08-30,NEPOZNATO,4
248,Jean Marcos,1980-06-14,NEPOZNATO,26
249,Lukas Rome,1983-05-02,MUŠKI,22
250,Colene Mathelin,1980-05-28,OSTALO,76
251,Cheri Reay,2003-01-04,MUŠKI,23
252,Desmond Ganniclifft,1997-10-09,NEPOZNATO,12
253,Zelda Grunwald,1999-08-31,NEPOZNATO,14
254,Christa Erskin,1988-06-27,MUŠKI,56
255,Guinevere Tweedle,1997-10-14,OSTALO,46
256,Isabel Elfleet,1985-09-01,ŽENSKI,54
257,Goldi Daffern,2003-06-06,MUŠKI,39
258,Amandi Starbeck,2004-08-18,ŽENSKI,32
259,Jsandye Goldston,1980-07-18,MUŠKI,57
260,Stormi Vittet,1998-12-02,OSTALO,16
261,Hinze Slatford,1986-12-09,OSTALO,25
262,Vernen Lowin,1998-04-17,MUŠKI,36
263,Ludvig Roscamps,1990-02-01,MUŠKI,63
264,Hamish Napier,1987-07-09,OSTALO,57
265,Nick Berthelet,1998-07-19,OSTALO,73
266,Amelia Comrie,1986-01-02,OSTALO,62
267,Shaw Clapperton,1985-09-23,NEPOZNATO,2
268,Ingamar Cowill,1989-12-12,MUŠKI,71
269,Oran Neve,1997-12-22,ŽENSKI,27
270,Tudor Maddyson,1988-05-24,MUŠKI,52
271,Sophie Imorts,1994-08-03,OSTALO,8
272,Drake Amis,1982-05-06,ŽENSKI,24
273,Lizabeth Knowlson,1994-08-23,OSTALO,26
274,Jorgan Walmsley,1996-10-05,ŽENSKI,47
275,Alvin Haddeston,1980-05-05,NEPOZNATO,40
276,Anjanette Vsanelli,1984-10-20,OSTALO,24
277,Lorilyn Grigoletti,2003-11-09,NEPOZNATO,69
278,Mason Disbury,2000-09-11,NEPOZNATO,76
279,Ora De Meyer,1990-09-13,OSTALO,49
280,Lew Ranner,2002-02-26,OSTALO,73
281,Wildon Kreber,1995-08-08,NEPOZNATO,75
282,Adlai Salerg,1990-11-13,OSTALO,30
283,Nappie Nowell,1990-07-25,MUŠKI,1
284,Kennan Welbelove,1980-02-14,NEPOZNATO,2
285,Juanita Vasyutin,1984-08-06,OSTALO,69
286,Annice Hambatch,2004-07-23,MUŠKI,4
287,Nannie Delacote,1987-12-09,ŽENSKI,7
288,Danyette Bladen,1988-12-10,MUŠKI,64
289,Neille Hackforth,1991-01-29,OSTALO,58
290,Norma Cuncarr,2000-06-28,NEPOZNATO,26
291,Kellby Tooting,2002-12-08,MUŠKI,34
292,Moritz Barrack,1998-02-01,ŽENSKI,75
293,Linda Bertwistle,2002-10-25,NEPOZNATO,47
294,Wadsworth Cliffe,1994-12-09,OSTALO,14
295,Nonah Lanchbery,1996-06-09,NEPOZNATO,42
296,Hymie Bignall,1984-10-29,ŽENSKI,37
297,Worth Boagey,1993-09-18,OSTALO,20
298,Wilie Owtram,1997-05-30,MUŠKI,52
299,Nicolette Von Gladbach,1983-04-24,MUŠKI,52
300,Holli Scudder,1993-06-28,ŽENSKI,47
301,Cinderella Denmead,2003-03-20,MUŠKI,56
302,Goran Crookes,2000-03-21,MUŠKI,26
303,Carmen Algate,1981-12-03,OSTALO,65
304,Marcie Manach,1996-09-27,MUŠKI,21
305,Pierson Cottis,2001-04-29,OSTALO,22
306,Desmund Chetwin,1999-01-09,MUŠKI,46
307,Joelie Bloxam,1988-02-02,ŽENSKI,49
308,Gael Kleynen,1991-03-21,MUŠKI,20
309,Goldina Poynzer,2004-02-09,ŽENSKI,40
310,Kelila Whitehair,1989-04-15,NEPOZNATO,62
311,Shelagh Gatecliff,1981-04-29,ŽENSKI,26
312,Alvera Rohmer,1987-06-25,NEPOZNATO,63
313,Coretta Coomes,1980-12-26,NEPOZNATO,20
314,Prescott Kerbler,1995-12-10,NEPOZNATO,18
315,Melly Allan,1990-03-14,OSTALO,51
316,Merissa Trewett,1997-02-22,OSTALO,63
317,Goldina Ledekker,1998-03-18,NEPOZNATO,11
318,Sly MacSkeaghan,2004-09-24,ŽENSKI,67
319,Nolan Saylor,1991-08-07,OSTALO,38
320,Virgie Ellin,1983-03-15,ŽENSKI,8
321,Aldo Macon,1982-01-05,ŽENSKI,73
322,Brook Bilton,2004-09-22,OSTALO,37
323,Maury Jankovsky,2000-03-18,ŽENSKI,2
324,Agustin Hatherall,1987-08-16,OSTALO,30
325,Theresa Kohn,2004-05-20,OSTALO,59
326,Mira Ayre,1990-03-07,OSTALO,11
327,Del Rheubottom,1983-10-09,MUŠKI,60
328,Twila Newlyn,1992-10-26,NEPOZNATO,17
329,Janel Gargett,1980-06-17,NEPOZNATO,36
330,Tirrell Wike,2002-05-16,OSTALO,42
331,Lois McRitchie,2004-01-01,NEPOZNATO,60
332,Cherrita Cattanach,1996-07-22,ŽENSKI,62
333,Caralie Gaukrodge,1984-09-13,MUŠKI,38
334,Renaud Borg,1981-06-24,NEPOZNATO,63
335,Esmeralda Bardill,1989-07-25,OSTALO,42
336,Helsa Heathcoat,2000-03-24,ŽENSKI,1
337,Heida Antonognoli,2001-08-28,NEPOZNATO,3
338,Cherlyn Sheeran,1980-02-10,NEPOZNATO,56
339,Cissiee Gullifant,1983-10-31,ŽENSKI,71
340,Domini Sheivels,1982-04-19,NEPOZNATO,14
341,Denis Sekulla,1980-01-03,NEPOZNATO,33
342,Laurena Kmicicki,1984-08-06,NEPOZNATO,54
343,Fredericka Schreurs,1996-07-22,MUŠKI,29
344,Sharleen Beretta,2000-11-14,MUŠKI,47
345,Marji Nethercott,1995-06-25,ŽENSKI,55
346,Tabor Dodridge,1985-09-06,NEPOZNATO,33
347,Gaylor By,2002-04-27,OSTALO,19
348,Josephina Huggon,1983-10-07,OSTALO,56
349,Pietrek Glanton,1990-01-04,NEPOZNATO,39
350,Christiana Rickardes,1991-09-07,ŽENSKI,28
351,Marjorie Taffie,1997-09-14,ŽENSKI,17
352,Arny Warret,2002-01-15,NEPOZNATO,74
353,Normie Heak,1983-09-21,OSTALO,50
354,Kittie Kellart,2001-10-15,ŽENSKI,67
355,Katya Truelove,2004-12-11,OSTALO,24
356,Hank Alldritt,1988-01-20,NEPOZNATO,1
357,Gayla Sommerfeld,1984-03-08,ŽENSKI,58
358,Tammy Deppe,1983-07-31,OSTALO,38
359,Fax Mayers,2002-01-02,MUŠKI,13
360,Lacey Wordsworth,1995-03-10,OSTALO,45
361,Clementina Boyack,1992-07-24,OSTALO,56
362,Jodi Ferreira,1992-03-31,OSTALO,32
363,Susi Danieli,1983-06-22,OSTALO,76
364,Hailee Tregea,1991-04-20,OSTALO,54
365,Gerry Cathenod,1998-09-24,ŽENSKI,23
366,Philippe Ridgley,1987-05-25,OSTALO,34
367,Iorgos Roughey,1980-10-21,ŽENSKI,48
368,Spence Coils,2000-02-29,NEPOZNATO,9
369,Noell Stuchburie,1992-09-10,NEPOZNATO,15
370,Letti Jobke,1999-03-15,NEPOZNATO,51
371,Chan Jesty,1999-09-28,NEPOZNATO,63
372,Ollie Fudger,1984-01-14,ŽENSKI,57
373,Brian Burchett,1983-07-21,OSTALO,62
374,Merilee Ricson,1988-03-19,ŽENSKI,29
375,Fraser Bennetto,2000-07-08,OSTALO,74
376,Carlene Wrathall,1981-11-01,MUŠKI,66
377,Willy Suggitt,1994-04-22,MUŠKI,21
378,Xaviera Peres,1995-07-09,OSTALO,40
379,Paige Johnsey,1988-01-22,NEPOZNATO,72
380,Georgeanna Reedie,1997-10-25,OSTALO,42
381,Wynny Fulep,1996-11-18,OSTALO,40
382,Magda Greenhill,1981-04-07,MUŠKI,54
383,Brit Trazzi,1983-01-23,OSTALO,69
384,Rodina Pickavance,2002-01-08,OSTALO,58
385,Kendricks Whitlow,1999-11-08,OSTALO,74
386,Hadrian Sheehan,1984-10-29,OSTALO,55
387,Dolph Crennell,1992-02-25,OSTALO,50
388,Hamid Pinkerton,1985-08-05,NEPOZNATO,24
389,Delmar Hegarty,1992-02-25,OSTALO,32
390,Lonnard Plaistowe,1995-12-27,MUŠKI,15
391,Fairlie Carleman,1992-04-10,NEPOZNATO,3
392,Marlin Toler,2001-06-06,ŽENSKI,59
393,Brew Endecott,1984-12-10,ŽENSKI,21
394,Craig Bryers,1984-06-20,OSTALO,38
395,Hildy Biddiss,1998-03-15,OSTALO,44
396,Fidelio de Chastelain,1981-07-31,OSTALO,69
397,Daile Broske,2002-11-17,OSTALO,22
398,Fredia Blasius,1989-11-20,NEPOZNATO,49
399,Peggie Marvin,2004-12-12,NEPOZNATO,41
400,Ottilie D'Avaux,1983-02-08,ŽENSKI,11
401,Darill Andrioli,1985-06-02,ŽENSKI,53
402,Ofella Stennett,1983-01-31,NEPOZNATO,27
403,Dniren Paunsford,1999-09-02,OSTALO,44
404,Donni Ardley,1985-02-13,NEPOZNATO,59
405,Gisella Ferras,1982-05-24,OSTALO,22
406,Rockie Kall,1992-06-23,MUŠKI,71
407,Sly Broxup,1992-04-21,NEPOZNATO,12
408,Karlie MacCahee,1991-02-11,OSTALO,51
409,Brantley Bowton,1996-04-09,OSTALO,48
410,Thebault Boyland,1996-12-01,ŽENSKI,6
411,Abagail Bewfield,1983-10-26,OSTALO,20
412,Caresa Colbert,1988-11-03,ŽENSKI,16
413,Bucky Bache,1982-04-24,NEPOZNATO,29
414,Urbanus Mortlock,1998-05-05,MUŠKI,57
415,Pasquale Sayle,1987-06-17,OSTALO,75
416,Artus Raatz,2001-01-03,OSTALO,9
417,Anastasie Wyvill,1988-09-05,NEPOZNATO,22
418,Aurilia Exon,1989-03-23,ŽENSKI,55
419,Margie Probat,1993-03-12,NEPOZNATO,52
420,Lelah Jarmyn,1990-08-26,ŽENSKI,4
421,Patrice Spafford,2000-10-22,ŽENSKI,27
422,Jasmine Dameisele,1982-02-02,OSTALO,54
423,Minnaminnie Sheron,1989-08-12,MUŠKI,46
424,Romonda Draude,1981-10-25,ŽENSKI,28
425,Adamo Josovich,2001-11-27,NEPOZNATO,40
426,Benedick McRobert,1983-10-09,MUŠKI,38
427,Chaddie Piggen,1989-05-21,ŽENSKI,15
428,Hildy Monson,1985-08-12,NEPOZNATO,39
429,Irita Stillgoe,1994-09-07,MUŠKI,44
430,Shannon Humm,2002-02-04,MUŠKI,44
431,Dianne Issakov,1993-02-11,OSTALO,64
432,Nils Rangall,1981-03-12,NEPOZNATO,33
433,Alene Mongin,1995-07-31,OSTALO,39
434,Rosmunda Butchart,2004-09-15,MUŠKI,76
435,Zackariah Eustace,1997-06-12,ŽENSKI,37
436,Blithe Storah,1993-10-22,MUŠKI,60
437,Kakalina Swanborough,1999-01-11,ŽENSKI,48
438,Amalea Muriel,1989-01-28,NEPOZNATO,60
439,Karilynn Yashunin,1996-02-28,OSTALO,51
440,Etienne Castiblanco,1981-02-25,OSTALO,26
441,Harlan Khomishin,2000-05-08,MUŠKI,72
442,Justinn Janning,1990-04-05,MUŠKI,34
443,Rani Edy,1996-01-05,OSTALO,18
444,Joycelin Cristobal,1998-11-08,OSTALO,8
445,Rob O'Bradane,1994-03-24,NEPOZNATO,6
446,Jackquelin Shutler,1987-06-09,NEPOZNATO,21
447,Jasper Mallinson,1988-09-25,ŽENSKI,1
448,Rhea Daggett,1988-03-24,NEPOZNATO,36
449,Rosco Moylan,2002-10-23,MUŠKI,57
450,Verene Swinglehurst,2001-07-19,OSTALO,43
451,Lawry Sign,1984-06-06,NEPOZNATO,70
452,Marsha Standring,1996-04-03,OSTALO,30
453,Lyndsey Spillett,1991-12-03,NEPOZNATO,38
454,Inglebert Alenshev,1995-03-06,ŽENSKI,9
455,Mattheus Faires,2002-08-19,MUŠKI,45
456,Brandon Treske,1988-08-25,NEPOZNATO,1
457,Felisha Coupar,1994-08-17,ŽENSKI,63
458,Marti Payfoot,1983-02-13,OSTALO,52
459,Sharyl McPhaden,1994-07-24,ŽENSKI,74
460,Bronnie Empringham,1988-07-16,ŽENSKI,63
461,Gun McGuiney,1986-09-17,MUŠKI,73
462,Marketa Withur,1995-07-07,MUŠKI,9
463,Ewan Dobrovolski,1995-08-18,ŽENSKI,50
464,Poppy Simonian,1980-08-20,ŽENSKI,43
465,Johanna Copozio,1999-05-13,NEPOZNATO,16
466,Krisha Souter,1994-09-19,OSTALO,65
467,Isadore Portingale,1993-03-11,MUŠKI,9
468,Niki Burlay,2002-05-01,OSTALO,67
469,Bert Hembling,1999-07-04,MUŠKI,50
470,Lanny Treeby,1993-06-05,ŽENSKI,31
471,Miguelita Sandcroft,2001-09-25,ŽENSKI,21
472,Domini Mohan,1983-02-12,ŽENSKI,51
473,Lazar Giffen,1999-07-27,ŽENSKI,26
474,Loria Backshall,1982-03-30,OSTALO,21
475,Georgeta Clemendet,1989-12-15,NEPOZNATO,56
476,Boris Walshe,1981-10-20,ŽENSKI,4
477,Savina Lippini,1989-05-27,ŽENSKI,50
478,Saraann St. Aubyn,2000-09-04,MUŠKI,74
479,Francois Ashwell,1985-07-19,MUŠKI,68
480,Rita MacGorley,2004-01-24,OSTALO,46
481,Janeta Skinley,2003-12-31,MUŠKI,59
482,Solly Pentin,1994-03-03,NEPOZNATO,28
483,Frederico Posselt,1993-07-30,MUŠKI,74
484,Adda Arrighetti,2000-10-16,OSTALO,31
485,Ricky Cattonnet,1982-08-14,ŽENSKI,8
486,Betsey Wolfers,1993-11-21,NEPOZNATO,69
487,Wally Neesam,1990-10-05,MUŠKI,40
488,Bernardine Loudyan,1996-08-07,MUŠKI,16
489,Anni Couvert,1988-05-03,NEPOZNATO,57
490,Ianthe Goby,1984-08-01,OSTALO,45
491,Chip Upfold,1989-11-29,ŽENSKI,51
492,Terra Wilby,1990-02-08,OSTALO,74
493,Moore Harcourt,1992-07-13,ŽENSKI,52
494,Buddy Insall,1983-02-21,ŽENSKI,8
495,Madella Hargreves,1987-04-08,OSTALO,53
496,Marlyn Lingner,1981-02-25,MUŠKI,69
497,Lily Brocklehurst,1996-09-17,ŽENSKI,58
498,Dell Rajchert,1996-05-22,OSTALO,12
499,Case Burtt,2002-09-06,OSTALO,45
500,Babbette Coupland,2003-08-24,ŽENSKI,54
501,Fulton Scholefield,2004-08-20,MUŠKI,39
502,Pauly Syvret,1991-01-07,MUŠKI,59
503,Hal Sabey,1982-11-23,ŽENSKI,45
504,Hephzibah Cansdall,2004-06-03,OSTALO,53
505,Emmey Debling,1991-01-15,ŽENSKI,13
506,Lorrie Webermann,1993-10-03,ŽENSKI,72
507,Saba Card,1981-05-18,NEPOZNATO,24
508,Moishe Gebbe,1983-03-13,MUŠKI,27
509,Alix Locard,1988-06-07,NEPOZNATO,55
510,Alwin Reuss,1990-03-29,MUŠKI,50
511,Catherine Bautiste,2002-01-21,ŽENSKI,50
512,Timmie Ismead,1997-11-07,NEPOZNATO,73
513,Anna-diane Noone,1990-02-22,NEPOZNATO,53
514,Lynnelle O'Drought,2000-04-08,NEPOZNATO,1
515,Karyl Leavens,1981-03-09,MUŠKI,75
516,Jammal Fudger,2004-02-13,ŽENSKI,48
517,Bondon Dyhouse,1993-05-06,NEPOZNATO,70
518,Klement Harry,1987-04-21,ŽENSKI,32
519,Tracey Ketchen,1980-12-25,MUŠKI,14
520,Park Raittie,1982-06-12,NEPOZNATO,1
521,Gerick Weafer,2002-05-15,OSTALO,37
522,Corty Blinckhorne,2000-09-28,ŽENSKI,20
523,Rosabel Hawick,1983-07-21,OSTALO,33
524,Ansley Whitcombe,1995-06-01,NEPOZNATO,52
525,Salli Romeril,1984-04-25,OSTALO,6
526,Rosanne Feragh,1996-03-25,ŽENSKI,26
527,Ramona Honsch,1996-07-13,NEPOZNATO,11
528,Amaleta Olenchikov,1997-06-04,ŽENSKI,32
529,Alonzo Florey,1997-09-12,OSTALO,44
530,Yard Madgwick,1997-04-02,ŽENSKI,10
531,Rodrigo Janosevic,1994-12-02,ŽENSKI,72
532,Englebert Baccup,1987-07-06,NEPOZNATO,41
533,Garrard Streader,2004-06-13,OSTALO,6
534,Letty Udey,1982-11-08,NEPOZNATO,58
535,Lonna McGerr,1996-09-12,MUŠKI,69
536,Cris Scrafton,1995-04-26,ŽENSKI,60
537,Toddie Whether,1999-09-22,MUŠKI,49
538,Jo Ashdown,1986-12-10,MUŠKI,74
539,Chev Sanchis,1998-09-04,OSTALO,71
540,Karoline Fluck,1986-04-14,ŽENSKI,12
541,Brunhilda Seabrooke,2002-10-30,ŽENSKI,32
542,Siouxie Lilleman,1989-04-11,ŽENSKI,47
543,Robenia Cawthra,1995-08-05,ŽENSKI,44
544,Gisela Bebbington,1986-01-02,MUŠKI,53
545,Byran Berzons,1989-08-29,MUŠKI,37
546,Ramonda Gibben,1987-12-31,ŽENSKI,37
547,Siward Rean,1989-07-07,NEPOZNATO,13
548,Klaus Dedon,1998-08-14,ŽENSKI,17
549,Kimmi Huortic,1992-09-08,OSTALO,61
550,Layla Danbury,2002-06-12,OSTALO,61
551,Jorge Johncey,1980-04-14,ŽENSKI,1
552,Reggy Fysh,1999-03-13,NEPOZNATO,57
553,Hanna Paradyce,2003-01-11,MUŠKI,36
554,Ivan Prestney,1990-08-03,ŽENSKI,66
555,Lorenzo Ivakin,2004-12-14,OSTALO,25
556,Christy Brockhurst,1991-10-02,ŽENSKI,59
557,Sallee Lannin,1982-06-26,MUŠKI,13
558,Flory Saffran,1988-02-16,ŽENSKI,31
559,Briny Gritsunov,1995-08-26,MUŠKI,46
560,Ikey Sweetlove,1996-02-05,NEPOZNATO,58
561,Edan Becarra,1991-10-15,NEPOZNATO,15
562,Erin Laurence,1985-03-04,MUŠKI,20
563,Caitlin Alfonsini,1982-03-24,MUŠKI,37
564,Fina Norquoy,1999-05-30,ŽENSKI,42
565,See Raith,1980-01-21,MUŠKI,25
566,Hynda Beidebeke,1998-01-25,OSTALO,55
567,Keefer Fairchild,2003-09-14,NEPOZNATO,15
568,Vaclav Askey,1999-03-13,OSTALO,44
569,Luciana Kearle,1995-12-16,NEPOZNATO,75
570,Meridel Purviss,2000-10-14,OSTALO,53
571,Manda Dwine,2002-08-29,OSTALO,45
572,Taite Stoakley,1982-06-22,ŽENSKI,17
573,Claresta Upcraft,1993-03-29,NEPOZNATO,17
574,Forbes McIllrick,1984-01-26,NEPOZNATO,37
575,Jonell Frowde,1993-11-06,MUŠKI,26
576,Berti Frossell,2003-11-14,ŽENSKI,70
577,Bree Graysmark,1985-08-02,NEPOZNATO,21
578,Rosco O'Reilly,1991-05-29,ŽENSKI,30
579,Lotte Kienl,1986-04-23,NEPOZNATO,24
580,Granthem Paragreen,1984-05-02,NEPOZNATO,31
581,Jamesy Arnao,2000-12-07,OSTALO,45
582,Saunderson Sterzaker,2000-12-22,NEPOZNATO,19
583,Gideon Crowe,1995-06-02,NEPOZNATO,26
584,Orson McCartney,1993-07-28,ŽENSKI,40
585,Gabriello Farrall,1994-12-30,OSTALO,70
586,Lazar Edgell,1998-10-24,NEPOZNATO,20
587,Ben Clitsome,1982-01-23,ŽENSKI,74
588,Corilla Beals,2004-11-13,OSTALO,22
589,Matelda Donnellan,1991-02-24,OSTALO,22
590,Ced Trewartha,1993-07-19,OSTALO,67
591,Evan Waterson,2002-02-03,ŽENSKI,32
592,Selle Massel,1994-05-24,ŽENSKI,11
593,Mavis Joney,1990-07-05,OSTALO,65
594,Jennilee Cowling,1990-11-28,MUŠKI,19
595,Adella Gioan,2002-04-17,NEPOZNATO,19
596,Flinn McGeraghty,2003-06-30,NEPOZNATO,9
597,Ashton Swateridge,1993-07-03,NEPOZNATO,15
598,Shantee Oxby,2001-11-04,OSTALO,56
599,Gunner Hemshall,2004-10-03,ŽENSKI,46
600,Lonee Rodolphe,1996-07-23,MUŠKI,23
601,Theodoric Happert,1993-01-25,NEPOZNATO,71
602,Giulio Rowlatt,1987-05-25,NEPOZNATO,71
603,Candie Collelton,1995-04-07,OSTALO,9
604,Emanuele Valencia,2004-12-10,OSTALO,10
605,Nanice Treleven,1996-05-27,MUŠKI,60
606,Tobias Giovannilli,1993-03-15,NEPOZNATO,19
607,Claresta Sneden,1987-08-29,OSTALO,34
608,Dusty Averies,1993-07-13,ŽENSKI,59
609,Mickie Rowan,1987-10-21,OSTALO,64
610,Jaynell Adriaan,1981-04-29,ŽENSKI,32
611,Giulietta Sunnex,2002-09-25,OSTALO,54
612,Vail Kaiser,2001-05-01,ŽENSKI,73
613,Kirby Hoyle,1994-11-29,MUŠKI,20
614,Normand Shakesby,2004-01-02,ŽENSKI,4
615,Davine Wordley,1992-04-11,MUŠKI,21
616,Reine Donativo,1996-12-18,OSTALO,75
617,Lin Franzotto,1997-11-13,OSTALO,43
618,Mair Shieldon,1996-08-06,ŽENSKI,65
619,Adamo Leppington,1980-01-13,NEPOZNATO,53
620,Jayne Chimienti,1989-01-26,ŽENSKI,43
621,Elyssa Twine,1986-04-13,NEPOZNATO,71
622,Celinka Sunnex,1985-06-12,ŽENSKI,76
623,Lyndsey Dodshun,1995-12-09,MUŠKI,17
624,Layla Dericut,1981-07-24,NEPOZNATO,15
625,Sybil McLevie,1997-07-22,OSTALO,5
626,Chryste Bravery,1985-07-17,NEPOZNATO,29
627,Skyler Verick,1993-04-26,MUŠKI,64
628,Tammy Brownsworth,1997-05-29,MUŠKI,12
629,Pat Ruprich,1998-05-26,ŽENSKI,61
630,Giordano Rableau,1985-10-16,NEPOZNATO,71
631,Duffie Becerro,1998-08-22,OSTALO,40
632,Rogers Lukianov,1985-10-30,OSTALO,65
633,Lauritz Axtell,1991-01-21,NEPOZNATO,69
634,Brooks Pigram,1997-01-27,ŽENSKI,50
635,Eran Standen,1994-06-07,ŽENSKI,41
636,Marsha Trahair,1981-05-30,NEPOZNATO,39
637,Lenard Pitway,2001-11-22,OSTALO,5
638,Anjela Kochlin,1991-07-12,ŽENSKI,76
639,Tiffanie Seemmonds,1987-05-14,ŽENSKI,28
640,Kirbee Eason,1994-01-12,NEPOZNATO,9
641,Blaire Pennetti,2004-03-05,ŽENSKI,15
642,Codi Huzzey,1986-06-12,OSTALO,23
643,Ilise Simoneau,1996-07-30,OSTALO,9
644,Charissa Hatfull,1993-09-29,OSTALO,50
645,Glenn Yaneev,1999-01-21,OSTALO,12
646,Michaelina Clyburn,1997-01-30,OSTALO,13
647,Tome Ikins,1985-08-15,ŽENSKI,57
648,Clareta Rubes,1982-08-16,ŽENSKI,26
649,Jerad Walbrun,1997-02-14,MUŠKI,1
650,Puff Demsey,1991-06-12,NEPOZNATO,4
651,Joell McClinton,1987-12-14,NEPOZNATO,61
652,Malina Varvara,2002-08-29,ŽENSKI,10
653,Maryjane Deetch,1991-12-23,NEPOZNATO,5
654,Casar Cussons,1983-04-01,ŽENSKI,10
655,Shane Annon,1984-12-06,NEPOZNATO,42
656,Win Garces,1980-03-11,ŽENSKI,23
657,Carr Pauwel,1995-02-23,ŽENSKI,59
658,Adam Ebi,1999-05-23,OSTALO,63
659,Cassie Patillo,1998-11-03,OSTALO,23
660,Carolin Lavallin,1993-09-05,MUŠKI,16
661,Korie Dabney,1988-10-10,MUŠKI,30
662,Davon Cowp,1997-01-30,OSTALO,50
663,Caye Chawner,1981-12-19,MUŠKI,65
664,Alleen Ritchley,1994-08-09,OSTALO,9
665,Benedick Sergeaunt,2002-01-29,OSTALO,39
666,Myrtle Owain,1987-08-20,MUŠKI,34
667,Devon Chawkley,1998-12-20,OSTALO,9
668,Tommie Eidelman,1987-07-25,NEPOZNATO,14
669,Anatollo Tollerfield,1988-11-19,OSTALO,64
670,Ginelle Colmer,1992-02-10,OSTALO,6
671,Rustie Casier,1985-07-11,OSTALO,35
672,Dael Leadbitter,1986-06-04,OSTALO,54
673,Urbain Blow,1990-11-14,ŽENSKI,72
674,Elfrida Rustidge,2003-02-14,OSTALO,44
675,Reinhold Rowdell,1984-11-10,OSTALO,22
676,Zebadiah Crowter,1985-07-29,OSTALO,35
677,Lilllie Pymar,1983-09-03,ŽENSKI,60
678,Millisent Conachie,1989-10-21,ŽENSKI,47
679,Umberto Spoward,1983-05-21,MUŠKI,36
680,Hart Coche,2001-04-10,ŽENSKI,37
681,Amerigo Kubiak,2002-07-29,NEPOZNATO,46
682,Forest Braizier,1981-08-13,MUŠKI,60
683,Almira Raiman,1991-06-25,ŽENSKI,32
684,Corbett Richten,1994-11-17,OSTALO,27
685,Kania Cordon,2000-07-11,NEPOZNATO,19
686,Jerome Cattini,1995-09-06,OSTALO,20
687,Alden O'Sheils,1998-06-27,MUŠKI,24
688,Adolph Shutle,2002-06-19,NEPOZNATO,30
689,Gabie Georgeau,1991-01-19,OSTALO,64
690,Zelda Brittle,1992-11-23,ŽENSKI,50
691,Cara Welling,1981-02-27,NEPOZNATO,14
692,Sheelagh Alston,1980-11-02,ŽENSKI,10
693,Cammie Minette,2004-04-01,ŽENSKI,16
694,Kristina Guerreau,2000-10-23,NEPOZNATO,67
695,Ike Cuddy,2004-05-05,OSTALO,76
696,Kin Tollady,1999-07-09,MUŠKI,48
697,Othelia Skydall,1999-09-20,OSTALO,23
698,Killie Crinkley,1987-10-01,NEPOZNATO,70
699,Zeke Tansley,1997-04-22,NEPOZNATO,69
700,Chantal Mackison,2003-01-19,NEPOZNATO,29
701,Rennie Luke,2004-07-27,OSTALO,38
702,Meier Huband,1982-03-02,OSTALO,72
703,Pansy Gateley,1980-08-02,NEPOZNATO,31
704,Marmaduke Lagne,1998-05-25,OSTALO,49
705,Horatio Pakes,1986-07-02,ŽENSKI,69
706,Saree Braunfeld,1997-12-19,ŽENSKI,53
707,Fawne Garci,1995-09-10,ŽENSKI,16
708,Helenka Altree,1992-02-21,ŽENSKI,26
709,Amalia Huitson,1996-01-25,MUŠKI,35
710,Adaline Coram,1999-09-09,MUŠKI,14
711,Hephzibah Sawer,1997-07-23,OSTALO,20
712,Dotty Duffield,2002-08-30,ŽENSKI,68
713,Lou Offner,1995-04-26,MUŠKI,7
714,Karina Lamberton,1982-12-31,ŽENSKI,39
715,Abram Jell,1998-04-12,ŽENSKI,65
716,Evangelia Ouldcott,1997-09-14,ŽENSKI,39
717,Craggy Baudain,1993-03-17,OSTALO,9
718,Fleming Shovel,1993-12-01,MUŠKI,31
719,Adela Harberer,1995-05-03,OSTALO,51
720,Jessalin Kimblin,1986-05-06,OSTALO,58
721,Neddie Showt,1997-10-06,OSTALO,30
722,Frederik Bilsford,2004-11-27,OSTALO,26
723,Amata Marjoribanks,2004-11-11,ŽENSKI,73
724,Brockie Rame,1988-02-13,ŽENSKI,12
725,Lottie Easbie,1984-12-29,NEPOZNATO,1
726,Conrado Tixier,1980-04-13,MUŠKI,71
727,Natka Jankovic,1990-01-12,OSTALO,68
728,Pieter Beddows,2003-12-01,OSTALO,64
729,Mureil Eberle,1995-08-19,MUŠKI,16
730,Cord Copnar,1990-08-08,OSTALO,28
731,Raymond Imloch,1990-05-27,NEPOZNATO,28
732,Mattias McClurg,1992-02-14,ŽENSKI,54
733,Nady Antonacci,1990-09-25,ŽENSKI,21
734,Alberik St. Ledger,1982-01-25,MUŠKI,56
735,Barney Smardon,1996-02-16,ŽENSKI,32
736,Taber Pinnere,1997-02-15,ŽENSKI,39
737,Anthony Bartelet,1980-04-08,OSTALO,66
738,Sonnnie Maund,1996-08-30,NEPOZNATO,26
739,Rochelle Thorwarth,1984-04-15,ŽENSKI,4
740,Hervey Newlove,1981-10-11,ŽENSKI,49
741,Geneva Loble,2004-01-16,NEPOZNATO,13
742,Evangelin Joseff,1991-03-25,OSTALO,14
743,Merridie Glastonbury,1990-11-19,ŽENSKI,28
744,Micki Pury,1990-11-16,OSTALO,52
745,Sebastien Merryweather,1989-01-02,NEPOZNATO,54
746,Fanny Yurkevich,2003-03-27,NEPOZNATO,4
747,Winslow Philo,1998-01-09,OSTALO,31
748,Brody Pierro,1996-08-19,NEPOZNATO,47
749,Dredi Galliard,1997-10-15,MUŠKI,42
750,Bowie Oates,1990-11-16,ŽENSKI,36
751,Cristal Rawsen,1994-11-28,MUŠKI,50
752,Berthe Sturge,1997-04-01,NEPOZNATO,4
753,Javier Leishman,2001-09-17,NEPOZNATO,55
754,Auberta Petras,1980-09-26,ŽENSKI,2
755,Sidonia Phittiplace,1989-08-19,OSTALO,25
756,Martina Necrews,2002-08-08,MUŠKI,11
757,Shandie Antonoyev,1980-10-26,OSTALO,38
758,Marcelle Lyptrade,1995-01-06,NEPOZNATO,51
759,Ferguson Stanyon,1993-12-04,OSTALO,62
760,Anica Le Moucheux,1992-04-09,ŽENSKI,69
761,Cherry Farguhar,1981-07-05,ŽENSKI,59
762,Kalvin Fyrth,1983-03-14,MUŠKI,48
763,Pierson Cruise,2001-02-25,ŽENSKI,51
764,Genna Houtby,1985-03-18,MUŠKI,39
765,Beilul Erangey,1987-04-28,ŽENSKI,65
766,Chaunce Malter,2001-10-29,MUŠKI,27
767,Elliott Skyme,1991-01-09,OSTALO,6
768,Hana Pitford,1995-10-06,OSTALO,23
769,Madelyn De Blasio,1993-03-18,NEPOZNATO,47
770,Zachery Bailess,1982-04-10,OSTALO,35
771,Ned Scoullar,2000-07-10,NEPOZNATO,31
772,Emmet Grishukov,1988-07-13,MUŠKI,61
773,Maybelle Serjent,1987-06-11,OSTALO,1
774,Franny Siemon,2000-07-04,NEPOZNATO,29
775,Claresta Klamman,1994-10-30,OSTALO,25
776,Kailey Creech,1990-10-21,NEPOZNATO,68
777,Thomasine Polin,1986-10-04,OSTALO,51
778,Palmer Kiddye,1984-03-25,ŽENSKI,42
779,Erek Balmadier,2000-08-07,ŽENSKI,37
780,Ruperta Rock,1990-05-12,NEPOZNATO,24
781,Cosme Sibun,1990-12-09,NEPOZNATO,65
782,Royce Pattini,1993-10-13,MUŠKI,43
783,Naomi Howsin,1985-09-22,OSTALO,61
784,Salvidor Cowlam,1995-07-08,ŽENSKI,39
785,Ynez Bendix,1999-04-29,MUŠKI,64
786,Debbi Pairpoint,1987-12-02,OSTALO,18
787,Mercie Mariette,1992-11-01,MUŠKI,55
788,Kissiah Pryell,1998-06-27,OSTALO,10
789,Isac Killner,2001-08-17,NEPOZNATO,74
790,Emmalyn Deelay,1982-05-15,MUŠKI,1
791,Petrina Illes,1993-01-06,OSTALO,28
792,Adelind Robus,2004-10-13,OSTALO,68
793,Benton Gamlen,1999-12-02,OSTALO,2
794,Morey Sindell,2003-10-19,OSTALO,3
795,Eldon Jurgenson,1997-09-01,OSTALO,15
796,Nicolai Tremayne,1984-12-13,MUŠKI,50
797,Mauricio Kincey,1993-05-23,NEPOZNATO,51
798,Binnie Knewstub,1986-08-28,ŽENSKI,42
799,Marrissa Ekless,1982-06-23,NEPOZNATO,24
800,Prince Tetsall,1996-12-25,OSTALO,17
801,Edee Stockin,1998-03-03,MUŠKI,4
802,Jacenta Wolfer,2003-02-10,MUŠKI,35
803,Rosalyn Mallabar,1998-05-20,ŽENSKI,62
804,Deb Napoleone,1997-01-03,ŽENSKI,16
805,Chelsie Bulford,1994-08-24,MUŠKI,33
806,Cammy Lineham,1995-12-03,OSTALO,6
807,Delmer Curwen,1988-07-21,ŽENSKI,66
808,Billy Ashfield,1994-07-25,NEPOZNATO,67
809,Kennith Leech,1987-02-22,MUŠKI,54
810,Caitrin Kilfoyle,1990-03-03,MUŠKI,76
811,Gan Bolland,1989-02-16,NEPOZNATO,36
812,Ron Olivari,1990-12-03,NEPOZNATO,44
813,Otho Attoc,2002-10-05,MUŠKI,20
814,Gwenny Frid,1997-05-30,OSTALO,60
815,Ivar Jeffcoat,2001-03-05,ŽENSKI,24
816,Barbette Aikenhead,1990-09-05,NEPOZNATO,8
817,Mort le Keux,1995-03-17,NEPOZNATO,76
818,Stafani Saiz,1997-07-25,ŽENSKI,8
819,Gallard Cahillane,1991-05-17,MUŠKI,38
820,Grata Birdseye,1983-06-14,MUŠKI,3
821,Luce Gookey,2002-03-10,ŽENSKI,25
822,Haleigh Galle,1986-09-17,NEPOZNATO,59
823,Alena Boutellier,1982-07-28,MUŠKI,5
824,Shell Benninck,1998-01-13,MUŠKI,63
825,Barbey Kellitt,1989-05-27,NEPOZNATO,63
826,Sid Froom,1982-01-20,ŽENSKI,28
827,Inez Duferie,1994-03-14,OSTALO,35
828,Annadiana Fermin,2004-05-27,NEPOZNATO,40
829,Sallee Troppmann,2001-02-10,NEPOZNATO,30
830,Allie Pidgin,1983-04-28,OSTALO,67
831,Libbi Waggitt,1990-11-26,NEPOZNATO,8
832,Bonnie Rudinger,1987-07-30,MUŠKI,19
833,Brendis Petrollo,1986-02-05,OSTALO,7
834,Tripp Rennebeck,1993-08-29,NEPOZNATO,6
835,Alida Landy,1991-09-17,MUŠKI,67
836,Dotty Lovstrom,1997-07-19,MUŠKI,39
837,Mareah Brimmicombe,1991-04-18,MUŠKI,10
838,Joey Corwood,2004-09-29,ŽENSKI,11
839,Tab Larkworthy,1992-02-03,OSTALO,30
840,Alicea Tuxsell,1992-07-20,OSTALO,75
841,Rurik Versey,1985-04-14,MUŠKI,11
842,Sammie Weekly,1991-01-28,OSTALO,75
843,Yolande Moyle,1989-12-27,MUŠKI,40
844,Jimmie Moulster,2001-02-20,OSTALO,58
845,Wash Gebbe,1982-01-13,NEPOZNATO,59
846,Dorry Mar,1993-08-02,ŽENSKI,23
847,Simeon Mardoll,2004-02-04,NEPOZNATO,2
848,Halsy Reaveley,1988-10-10,MUŠKI,59
849,Darbie Godman,1988-11-03,OSTALO,70
850,Katha Creeghan,1995-12-28,ŽENSKI,55
851,Amory Vasilik,1987-12-29,ŽENSKI,32
852,Sharai Methuen,1989-10-08,OSTALO,5
853,Chandler Pautard,2001-01-20,MUŠKI,35
854,Everett Berfoot,2003-11-10,NEPOZNATO,20
855,Clarine Das,1985-10-17,OSTALO,20
856,Roshelle Kits,1980-07-16,ŽENSKI,29
857,Donnell Matisoff,1988-09-14,NEPOZNATO,60
858,Alexio Stickford,1984-05-19,OSTALO,60
859,Georgena Vigers,1992-04-05,MUŠKI,4
860,Ashton Gosney,2000-04-20,OSTALO,32
861,Bordy Harrow,1989-05-05,OSTALO,52
862,Aurthur Paynton,1994-07-14,NEPOZNATO,29
863,Giovanni Laird-Craig,1992-09-03,OSTALO,14
864,Arabel Le febre,1998-12-23,NEPOZNATO,56
865,Bran Rayner,1982-05-11,OSTALO,36
866,Arnuad Polson,1981-08-29,MUŠKI,70
867,Rubetta Hansod,2003-08-07,MUŠKI,10
868,Shanta Caseri,1992-03-12,MUŠKI,35
869,Paxton Dunsleve,1995-05-20,MUŠKI,13
870,Alysa Blaby,1999-04-28,MUŠKI,30
871,Emelda Zylbermann,1999-04-17,MUŠKI,32
872,Bathsheba Crate,2001-05-07,MUŠKI,8
873,Melicent Towell,1997-06-30,MUŠKI,58
874,Brenna Eyckel,1991-12-08,NEPOZNATO,41
875,Christabella Cobon,1983-02-10,ŽENSKI,23
876,Lonni McGeachey,2002-08-16,ŽENSKI,26
877,Ogdon Sultana,1984-06-20,OSTALO,57
878,Serge Pettingall,2000-03-16,MUŠKI,15
879,Inez Toland,1998-06-28,MUŠKI,1
880,Michal Wellsman,1991-06-09,OSTALO,72
881,Muire Gandar,1994-01-27,NEPOZNATO,2
882,Ree Bessant,1996-08-10,OSTALO,32
883,Orrin Ferenc,1991-06-27,OSTALO,75
884,Derick Claque,1988-02-29,NEPOZNATO,36
885,Khalil Goater,1996-03-22,MUŠKI,49
886,Alexandro Alyokhin,1999-11-30,OSTALO,68
887,Dud Zorzenoni,1983-05-19,MUŠKI,57
888,Adina Saur,1994-05-28,MUŠKI,62
889,Mada McGarrahan,1998-04-20,OSTALO,70
890,Emmott Wyne,1980-08-19,NEPOZNATO,3
891,Luce Cowling,2002-09-19,OSTALO,6
892,Ellerey Hanford,1999-03-18,MUŠKI,14
893,Prissie Priddey,1989-09-08,NEPOZNATO,74
894,Billie Lewsie,1980-08-15,MUŠKI,18
895,Sunny Pardal,1984-10-25,NEPOZNATO,6
896,Duffie O'Scollain,2001-02-20,NEPOZNATO,66
897,Cathe Francescuzzi,1986-07-15,ŽENSKI,65
898,Cob Pearman,1997-05-21,OSTALO,60
899,Chev Marusik,1981-05-16,NEPOZNATO,27
900,Jamil Ormiston,1987-05-17,MUŠKI,26
901,Amelita Malden,1986-07-23,NEPOZNATO,7
902,Taber Uc,1983-09-09,MUŠKI,8
903,Ciro Needs,1980-02-28,NEPOZNATO,60
904,Joshua Fitzpatrick,2003-10-13,ŽENSKI,27
905,Karlens Spraggon,2003-11-28,ŽENSKI,6
906,Gina Muzzi,2003-06-05,MUŠKI,70
907,Rubia Quick,1995-05-09,MUŠKI,24
908,Curry Bockler,1993-07-11,ŽENSKI,38
909,Rollie Densey,1981-06-07,ŽENSKI,70
910,Tobie Twinterman,1982-09-23,ŽENSKI,22
911,Mike Shreenan,1993-06-25,NEPOZNATO,26
912,Janeczka Woolvett,2003-05-23,MUŠKI,47
913,Jedidiah Brocklebank,1996-03-23,NEPOZNATO,5
914,Minette Eustis,1983-06-23,OSTALO,8
915,Matti Gumly,1993-05-01,OSTALO,20
916,Ruttger Gurg,1988-08-19,MUŠKI,67
917,Sada Carlton,2004-01-06,MUŠKI,13
918,Jonah Boatwright,1993-01-05,NEPOZNATO,26
919,Chase Veelers,1987-08-24,ŽENSKI,52
920,Martha West,2004-08-22,OSTALO,49
921,Randolf Casetta,1992-11-24,ŽENSKI,31
922,Dolf Chesher,1996-01-20,ŽENSKI,17
923,Xenia Andrioni,1999-09-13,NEPOZNATO,10
924,Herold Camies,1982-01-07,MUŠKI,60
925,Doralyn Sawood,1996-09-20,NEPOZNATO,6
926,Darcie Fenech,1987-04-12,NEPOZNATO,64
927,Berni Doley,1987-02-25,OSTALO,2
928,Karita Densun,1992-08-23,NEPOZNATO,7
929,Ulberto Giovanizio,1999-09-08,MUŠKI,12
930,Vern Da Costa,1999-05-22,OSTALO,66
931,Aldric Klaes,2000-12-22,ŽENSKI,51
932,Waylen Coakley,1997-01-20,NEPOZNATO,26
933,Jude Greguol,1999-07-26,NEPOZNATO,55
934,Betti Dawkins,2004-08-17,ŽENSKI,32
935,Sherlock Binnion,1982-04-15,ŽENSKI,6
936,Abramo de la Valette Parisot,1999-12-07,MUŠKI,15
937,Rollins Di Antonio,2004-12-08,NEPOZNATO,2
938,Trevar Grey,1987-07-26,NEPOZNATO,57
939,Malissa Poulsen,1996-11-18,MUŠKI,73
940,Sheila-kathryn Morratt,1986-06-12,NEPOZNATO,47
941,Nert Driver,1998-08-04,NEPOZNATO,1
942,Letti Shooter,1986-05-14,OSTALO,60
943,Lorin Shearstone,1980-09-15,OSTALO,41
944,Dorian Swafield,1987-12-24,ŽENSKI,60
945,Ned Ducket,1993-10-03,OSTALO,57
946,Filbert Page,1985-11-25,ŽENSKI,63
947,Glynis Tuxsell,1988-02-06,OSTALO,9
948,Parker Dulieu,1981-09-28,MUŠKI,5
949,Felicio Stailey,1987-08-21,MUŠKI,34
950,Tristan Ceschini,1988-03-30,NEPOZNATO,10
951,Chilton Griffitts,1997-12-15,ŽENSKI,40
952,Maryann De la Feld,1996-12-23,NEPOZNATO,9
953,Robby Rosten,2001-03-04,MUŠKI,29
954,Marigold Woodroff,2003-09-21,ŽENSKI,34
955,Eyde Ingry,1990-01-05,NEPOZNATO,42
956,Benjy Giraudo,1983-10-14,OSTALO,7
957,Tillie Waskett,1998-07-20,ŽENSKI,21
958,Aeriela Diemer,1993-12-23,MUŠKI,7
959,Ann-marie Fitzsymonds,2001-11-11,OSTALO,63
960,James Higounet,1998-01-11,ŽENSKI,63
961,Gun Shobrook,1989-06-20,OSTALO,37
962,Gretta Michelet,1991-09-30,ŽENSKI,34
963,Lennie Beeke,1985-08-05,ŽENSKI,11
964,Ethelyn Robken,1997-03-24,OSTALO,73
965,Roderich Farnan,1992-06-09,NEPOZNATO,43
966,Marchelle Grishanov,1983-05-19,NEPOZNATO,32
967,Harley Labadini,2004-11-13,ŽENSKI,41
968,Patrick Lauks,1983-08-21,ŽENSKI,65
969,Margaretha Renowden,1988-10-09,OSTALO,61
970,Petronille MacPeake,2002-04-29,OSTALO,3
971,Elston Braune,1992-02-14,OSTALO,65
972,Natka Graddell,1983-04-20,ŽENSKI,32
973,Ulberto Karlowicz,1986-12-23,MUŠKI,65
974,Cullen Doreward,1994-01-21,NEPOZNATO,20
975,Adrian Murthwaite,1993-07-21,NEPOZNATO,34
976,Gelya Skeldon,1983-10-09,ŽENSKI,43
977,Bernadina Cuell,1997-06-09,ŽENSKI,71
978,Paulita Wisam,1992-04-24,OSTALO,37
979,Judon Laffin,1984-08-01,ŽENSKI,51
980,Clive Bambridge,1987-12-15,OSTALO,9
981,Shirlene Mardling,1987-08-31,NEPOZNATO,20
982,Stefano Dalton,1997-01-04,ŽENSKI,4
983,Bard Ondrousek,1981-01-08,NEPOZNATO,58
984,Shirlene Fairest,2001-12-28,NEPOZNATO,57
985,Karyl Vaines,2003-02-24,NEPOZNATO,25
986,Krissy Lindhe,1980-12-09,MUŠKI,32
987,Roobbie Pipworth,1993-11-02,ŽENSKI,13
988,Nanni Shortt,1991-05-05,MUŠKI,54
989,Kerry Gilbertson,1993-09-08,NEPOZNATO,60
990,Sela Crocroft,2003-05-18,ŽENSKI,67
991,Anson Waadenburg,1986-08-24,OSTALO,24
992,Kele Skivington,2000-02-17,NEPOZNATO,56
993,Filia Perrinchief,1999-03-29,ŽENSKI,27
994,Eleonora Brickham,1993-09-19,OSTALO,55
995,Lilly Cashford,1981-09-05,OSTALO,73
996,Mariette Miguel,1981-07-21,OSTALO,76
997,Emelita Cremins,1991-01-24,ŽENSKI,20
998,Emmit Brunton,1996-12-18,NEPOZNATO,46
999,Nellie Bute,1996-02-22,MUŠKI,25
1000,Bess Peek,2001-03-24,OSTALO,51
