fitness_center_id,coach_id,coach_type
1,1,glavni trener
1,2,glavni trener
1,3,glavni trener
1,4,pomocni trener
2,5,glavni trener
2,6,glavni trener
2,7,pomocni trener
2,8,pomocni trener
3,9,glavni trener
3,10,glavni trener
3,11,glavni trener
3,12,glavni trener
3,13,pomocni trener
3,14,glavni trener
3,15,glavni trener
4,16,glavni trener
4,17,pomocni trener
4,18,glavni trener
4,19,pomocni trener
4,20,glavni trener
5,21,pomocni trener
5,22,glavni trener
5,23,glavni trener
6,24,pomocni trener
6,25,glavni trener
6,26,glavni trener
6,27,pomocni trener
6,28,glavni trener
6,29,glavni trener
7,30,pomocni trener
7,31,glavni trener
7,32,pomocni trener
7,33,pomocni trener
8,34,glavni trener
8,35,glavni trener
8,36,glavni trener
8,37,glavni trener
8,38,pomocni trener
9,39,glavni trener
9,40,glavni trener
9,41,glavni trener
9,42,pomocni trener
9,43,glavni trener
9,44,pomocni trener
10,45,glavni trener
10,46,glavni trener
10,47,glavni trener
10,48,glavni trener
10,49,glavni trener
11,50,pomocni trener
11,51,glavni trener
11,52,pomocni trener
12,53,glavni trener
12,54,glavni trener
12,55,glavni trener
12,56,pomocni trener
12,57,pomocni trener
13,58,pomocni trener
13,59,pomocni trener
13,60,glavni trener
13,61,glavni trener
13,62,pomocni trener
13,63,pomocni trener
14,64,pomocni trener
14,65,pomocni trener
14,66,glavni trener
14,67,glavni trener
14,68,pomocni trener
14,69,pomocni trener
14,70,pomocni trener
15,71,pomocni trener
15,72,pomocni trener
15,73,glavni trener
15,74,glavni trener
15,75,pomocni trener
15,76,pomocni trener
16,77,pomocni trener
16,78,glavni trener
16,79,glavni trener
16,80,pomocni trener
16,81,glavni trener
17,82,glavni trener
17,83,glavni trener
17,84,pomocni trener
17,85,glavni trener
17,86,pomocni trener
18,87,glavni trener
18,88,pomocni trener
18,89,pomocni trener
19,90,glavni trener
19,91,glavni trener
19,92,pomocni trener
19,93,glavni trener
19,94,pomocni trener
19,95,glavni trener
20,96,glavni trener
20,97,pomocni trener
20,98,glavni trener
21,99,glavni trener
21,100,glavni trener
21,101,pomocni trener
21,102,glavni trener
22,103,pomocni trener
22,104,pomocni trener
22,105,glavni trener
22,106,pomocni trener
22,107,glavni trener
22,108,pomocni trener
23,109,pomocni trener
23,110,pomocni trener
23,111,pomocni trener
23,112,pomocni trener
24,113,pomocni trener
24,114,pomocni trener
24,115,pomocni trener
25,116,glavni trener
25,117,glavni trener
25,118,pomocni trener
26,119,pomocni trener
26,120,glavni trener
26,121,glavni trener
26,122,glavni trener
27,123,pomocni trener
27,124,pomocni trener
27,125,pomocni trener
27,126,pomocni trener
28,127,pomocni trener
28,128,glavni trener
28,129,pomocni trener
29,130,pomocni trener
29,131,pomocni trener
29,132,pomocni trener
29,133,glavni trener
29,134,pomocni trener
29,135,pomocni trener
30,136,glavni trener
30,137,glavni trener
30,138,glavni trener
30,139,pomocni trener
30,140,glavni trener
30,141,pomocni trener
30,142,glavni trener
31,143,pomocni trener
31,144,glavni trener
31,145,glavni trener
31,146,pomocni trener
31,147,pomocni trener
32,148,pomocni trener
32,149,glavni trener
32,150,pomocni trener
32,151,glavni trener
32,152,glavni trener
32,153,pomocni trener
33,154,pomocni trener
33,155,glavni trener
33,156,pomocni trener
34,157,pomocni trener
34,158,glavni trener
34,159,pomocni trener
34,160,glavni trener
35,161,glavni trener
35,162,glavni trener
35,163,glavni trener
35,164,glavni trener
35,165,pomocni trener
36,166,pomocni trener
36,167,glavni trener
36,168,pomocni trener
36,169,pomocni trener
36,170,pomocni trener
36,171,glavni trener
36,172,pomocni trener
37,173,pomocni trener
37,174,glavni trener
37,175,pomocni trener
37,176,glavni trener
37,177,pomocni trener
38,178,glavni trener
38,179,pomocni trener
38,180,pomocni trener
38,181,pomocni trener
38,182,pomocni trener
38,183,glavni trener
39,184,pomocni trener
39,185,pomocni trener
39,186,glavni trener
40,187,pomocni trener
40,188,pomocni trener
40,189,glavni trener
40,190,glavni trener
40,191,glavni trener
40,192,pomocni trener
41,193,glavni trener
41,194,glavni trener
41,195,pomocni trener
41,196,glavni trener
41,197,glavni trener
42,198,glavni trener
42,199,glavni trener
42,200,glavni trener
42,201,pomocni trener
42,202,pomocni trener
42,203,pomocni trener
42,204,pomocni trener
43,205,pomocni trener
43,206,pomocni trener
43,207,glavni trener
43,208,pomocni trener
43,209,pomocni trener
43,210,pomocni trener
44,211,pomocni trener
44,212,glavni trener
44,213,glavni trener
44,214,glavni trener
44,215,pomocni trener
44,216,glavni trener
45,217,glavni trener
45,218,pomocni trener
45,219,glavni trener
45,220,pomocni trener
45,221,pomocni trener
45,222,pomocni trener
46,223,pomocni trener
46,224,glavni trener
46,225,pomocni trener
47,226,glavni trener
47,227,glavni trener
47,228,pomocni trener
47,229,glavni trener
48,230,pomocni trener
48,231,pomocni trener
48,232,glavni trener
48,233,glavni trener
48,234,pomocni trener
48,235,glavni trener
49,236,glavni trener
49,237,pomocni trener
49,238,glavni trener
50,239,glavni trener
50,240,glavni trener
50,241,glavni trener
50,242,pomocni trener
51,243,pomocni trener
51,244,pomocni trener
51,245,pomocni trener
51,246,glavni trener
52,247,glavni trener
52,248,glavni trener
52,249,pomocni trener
52,250,pomocni trener
52,251,glavni trener
53,252,pomocni trener
53,253,glavni trener
53,254,glavni trener
53,255,pomocni trener
54,256,glavni trener
54,257,pomocni trener
54,258,pomocni trener
54,259,glavni trener
54,260,pomocni trener
54,261,pomocni trener
54,262,glavni trener
55,263,pomocni trener
55,264,glavni trener
55,265,glavni trener
56,266,pomocni trener
56,267,glavni trener
56,268,pomocni trener
56,269,glavni trener
56,270,glavni trener
56,271,pomocni trener
56,272,pomocni trener
57,273,glavni trener
57,274,pomocni trener
57,275,pomocni trener
58,276,glavni trener
58,277,glavni trener
58,278,glavni trener
58,279,pomocni trener
58,280,pomocni trener
59,281,pomocni trener
59,282,glavni trener
59,283,glavni trener
60,284,glavni trener
60,285,glavni trener
60,286,pomocni trener
60,287,glavni trener
60,288,pomocni trener
60,289,glavni trener
61,290,glavni trener
61,291,glavni trener
61,292,glavni trener
61,293,glavni trener
61,294,pomocni trener
61,295,pomocni trener
62,296,pomocni trener
62,297,pomocni trener
62,298,pomocni trener
62,299,glavni trener
63,300,glavni trener
63,301,pomocni trener
63,302,glavni trener
63,303,pomocni trener
63,304,pomocni trener
63,305,glavni trener
63,306,pomocni trener
64,307,pomocni trener
64,308,glavni trener
64,309,pomocni trener
64,310,glavni trener
65,311,glavni trener
65,312,glavni trener
65,313,pomocni trener
65,314,glavni trener
65,315,pomocni trener
66,316,pomocni trener
66,317,glavni trener
66,318,glavni trener
66,319,pomocni trener
66,320,glavni trener
66,321,glavni trener
67,322,pomocni trener
67,323,pomocni trener
67,324,pomocni trener
67,325,pomocni trener
68,326,pomocni trener
68,327,glavni trener
68,328,pomocni trener
68,329,glavni trener
69,330,glavni trener
69,331,glavni trener
69,332,glavni trener
70,333,glavni trener
70,334,glavni trener
70,335,glavni trener
70,336,pomocni trener
70,337,pomocni trener
70,338,pomocni trener
70,339,glavni trener
71,340,glavni trener
71,341,pomocni trener
71,342,glavni trener
71,343,glavni trener
71,344,pomocni trener
71,345,glavni trener
71,346,glavni trener
72,347,glavni trener
72,348,glavni trener
72,349,glavni trener
72,350,pomocni trener
72,351,glavni trener
72,352,pomocni trener
72,353,glavni trener
73,354,pomocni trener
73,355,glavni trener
73,356,pomocni trener
73,357,glavni trener
73,358,pomocni trener
74,359,pomocni trener
74,360,glavni trener
74,361,pomocni trener
74,362,glavni trener
75,363,pomocni trener
75,364,pomocni trener
75,365,glavni trener
75,366,glavni trener
75,367,pomocni trener
76,368,glavni trener
76,369,glavni trener
76,370,pomocni trener
76,371,pomocni trener
77,372,glavni trener
77,373,glavni trener
77,374,glavni trener
78,375,pomocni trener
78,376,glavni trener
78,377,glavni trener
79,378,pomocni trener
79,379,glavni trener
79,380,glavni trener
79,381,pomocni trener
79,382,pomocni trener
80,383,pomocni trener
80,384,pomocni trener
80,385,glavni trener
81,386,glavni trener
81,387,glavni trener
81,388,pomocni trener
81,389,pomocni trener
82,390,glavni trener
82,391,glavni trener
82,392,pomocni trener
82,393,pomocni trener
83,394,pomocni trener
83,395,pomocni trener
83,396,glavni trener
83,397,pomocni trener
84,398,pomocni trener
84,399,glavni trener
84,400,glavni trener
85,401,glavni trener
85,402,pomocni trener
85,403,pomocni trener
85,404,pomocni trener
86,405,pomocni trener
86,406,glavni trener
86,407,pomocni trener
86,408,pomocni trener
86,409,pomocni trener
86,410,pomocni trener
87,411,pomocni trener
87,412,pomocni trener
87,413,pomocni trener
87,414,glavni trener
88,415,glavni trener
88,416,glavni trener
88,417,pomocni trener
89,418,glavni trener
89,419,pomocni trener
89,420,glavni trener
89,421,pomocni trener
89,422,pomocni trener
89,423,pomocni trener
89,424,pomocni trener
90,425,pomocni trener
90,426,glavni trener
90,427,glavni trener
90,428,glavni trener
90,429,pomocni trener
90,430,pomocni trener
91,431,pomocni trener
91,432,glavni trener
91,433,pomocni trener
91,434,pomocni trener
91,435,pomocni trener
92,436,pomocni trener
92,437,pomocni trener
92,438,pomocni trener
92,439,glavni trener
92,440,pomocni trener
92,441,glavni trener
93,442,glavni trener
93,443,glavni trener
93,444,pomocni trener
93,445,glavni trener
93,446,pomocni trener
93,447,pomocni trener
93,448,pomocni trener
94,449,glavni trener
94,450,glavni trener
94,451,pomocni trener
95,452,pomocni trener
95,453,glavni trener
95,454,pomocni trener
95,455,pomocni trener
96,456,glavni trener
96,457,pomocni trener
96,458,pomocni trener
96,459,pomocni trener
96,460,glavni trener
96,461,glavni trener
96,462,glavni trener
97,463,glavni trener
97,464,glavni trener
97,465,pomocni trener
97,466,pomocni trener
98,467,glavni trener
98,468,glavni trener
98,469,pomocni trener
98,470,glavni trener
99,471,pomocni trener
99,472,pomocni trener
99,473,glavni trener
99,474,glavni trener
100,475,pomocni trener
100,476,glavni trener
100,477,pomocni trener
101,478,pomocni trener
101,479,pomocni trener
101,480,pomocni trener
101,481,pomocni trener
101,482,glavni trener
102,483,glavni trener
102,484,pomocni trener
102,485,glavni trener
102,486,glavni trener
102,487,glavni trener
103,488,pomocni trener
103,489,pomocni trener
103,490,pomocni trener
103,491,glavni trener
103,492,pomocni trener
103,493,pomocni trener
104,494,pomocni trener
104,495,pomocni trener
104,496,glavni trener
104,497,glavni trener
104,498,pomocni trener
104,499,pomocni trener
105,500,pomocni trener
105,501,pomocni trener
105,502,pomocni trener
105,503,pomocni trener
106,504,glavni trener
106,505,pomocni trener
106,506,glavni trener
106,507,glavni trener
106,508,pomocni trener
107,509,glavni trener
107,510,glavni trener
107,511,glavni trener
108,512,glavni trener
108,513,glavni trener
108,514,glavni trener
108,515,pomocni trener
108,516,glavni trener
109,517,pomocni trener
109,518,pomocni trener
109,519,pomocni trener
110,520,glavni trener
110,521,pomocni trener
110,522,pomocni trener
110,523,pomocni trener
110,524,glavni trener
110,525,pomocni trener
110,526,glavni trener
111,527,pomocni trener
111,528,glavni trener
111,529,pomocni trener
112,530,glavni trener
112,531,pomocni trener
112,532,pomocni trener
113,533,glavni trener
113,534,pomocni trener
113,535,glavni trener
113,536,pomocni trener
114,537,glavni trener
114,538,glavni trener
114,539,pomocni trener
115,540,pomocni trener
115,541,glavni trener
115,542,pomocni trener
115,543,pomocni trener
115,544,glavni trener
116,545,glavni trener
116,546,pomocni trener
116,547,pomocni trener
116,548,pomocni trener
117,549,glavni trener
117,550,pomocni trener
117,551,pomocni trener
118,552,pomocni trener
118,553,glavni trener
118,554,glavni trener
118,555,glavni trener
119,556,glavni trener
119,557,glavni trener
119,558,pomocni trener
119,559,glavni trener
120,560,glavni trener
120,561,pomocni trener
120,562,glavni trener
120,563,glavni trener
120,564,pomocni trener
120,565,glavni trener
120,566,glavni trener
121,567,pomocni trener
121,568,glavni trener
121,569,pomocni trener
121,570,glavni trener
121,571,pomocni trener
122,572,glavni trener
122,573,glavni trener
122,574,pomocni trener
122,575,glavni trener
122,576,glavni trener
122,577,glavni trener
122,578,glavni trener
123,579,pomocni trener
123,580,pomocni trener
123,581,pomocni trener
124,582,pomocni trener
124,583,glavni trener
124,584,glavni trener
125,585,glavni trener
125,586,pomocni trener
125,587,pomocni trener
125,588,glavni trener
125,589,glavni trener
125,590,pomocni trener
125,591,pomocni trener
126,592,pomocni trener
126,593,glavni trener
126,594,pomocni trener
126,595,pomocni trener
126,596,glavni trener
126,597,pomocni trener
126,598,glavni trener
127,599,glavni trener
127,600,glavni trener
127,601,pomocni trener
127,602,pomocni trener
128,603,pomocni trener
128,604,pomocni trener
128,605,pomocni trener
128,606,pomocni trener
129,607,pomocni trener
129,608,pomocni trener
129,609,glavni trener
129,610,pomocni trener
129,611,glavni trener
130,612,glavni trener
130,613,pomocni trener
130,614,glavni trener
130,615,pomocni trener
130,616,glavni trener
130,617,glavni trener
130,618,glavni trener
131,619,pomocni trener
131,620,pomocni trener
131,621,glavni trener
132,622,glavni trener
132,623,pomocni trener
132,624,glavni trener
132,625,glavni trener
132,626,pomocni trener
132,627,pomocni trener
133,628,glavni trener
133,629,pomocni trener
133,630,glavni trener
133,631,glavni trener
134,632,pomocni trener
134,633,pomocni trener
134,634,pomocni trener
134,635,pomocni trener
134,636,glavni trener
134,637,glavni trener
134,638,glavni trener
135,639,pomocni trener
135,640,glavni trener
135,641,pomocni trener
136,642,glavni trener
136,643,pomocni trener
136,644,glavni trener
136,645,glavni trener
136,646,glavni trener
136,647,glavni trener
137,648,glavni trener
137,649,pomocni trener
137,650,glavni trener
137,651,glavni trener
137,652,glavni trener
137,653,glavni trener
138,654,pomocni trener
138,655,glavni trener
138,656,pomocni trener
138,657,pomocni trener
139,658,pomocni trener
139,659,glavni trener
139,660,pomocni trener
139,661,glavni trener
139,662,glavni trener
139,663,glavni trener
140,664,glavni trener
140,665,pomocni trener
140,666,pomocni trener
141,667,glavni trener
141,668,pomocni trener
141,669,glavni trener
141,670,glavni trener
141,671,pomocni trener
141,672,glavni trener
141,673,pomocni trener
142,674,glavni trener
142,675,glavni trener
142,676,pomocni trener
142,677,pomocni trener
142,678,pomocni trener
143,679,pomocni trener
143,680,pomocni trener
143,681,pomocni trener
143,682,glavni trener
143,683,glavni trener
143,684,pomocni trener
144,685,pomocni trener
144,686,glavni trener
144,687,pomocni trener
144,688,pomocni trener
144,689,glavni trener
144,690,pomocni trener
145,691,pomocni trener
145,692,glavni trener
145,693,pomocni trener
145,694,glavni trener
146,695,glavni trener
146,696,glavni trener
146,697,glavni trener
146,698,pomocni trener
146,699,glavni trener
147,700,pomocni trener
147,701,pomocni trener
147,702,pomocni trener
147,703,pomocni trener
148,704,glavni trener
148,705,pomocni trener
148,706,pomocni trener
148,707,pomocni trener
149,708,pomocni trener
149,709,glavni trener
149,710,pomocni trener
149,711,pomocni trener
149,712,glavni trener
149,713,pomocni trener
149,714,pomocni trener
150,715,glavni trener
150,716,pomocni trener
150,717,pomocni trener
150,718,glavni trener
151,719,pomocni trener
151,720,pomocni trener
151,721,glavni trener
151,722,pomocni trener
151,723,pomocni trener
151,724,pomocni trener
152,725,pomocni trener
152,726,glavni trener
152,727,glavni trener
152,728,glavni trener
153,729,glavni trener
153,730,glavni trener
153,731,glavni trener
153,732,pomocni trener
153,733,glavni trener
153,734,pomocni trener
154,735,glavni trener
154,736,glavni trener
154,737,pomocni trener
154,738,pomocni trener
154,739,pomocni trener
154,740,pomocni trener
154,741,pomocni trener
155,742,glavni trener
155,743,glavni trener
155,744,glavni trener
155,745,glavni trener
155,746,pomocni trener
155,747,glavni trener
156,748,pomocni trener
156,749,pomocni trener
156,750,glavni trener
156,751,glavni trener
156,752,pomocni trener
156,753,pomocni trener
157,754,pomocni trener
157,755,glavni trener
157,756,glavni trener
157,757,pomocni trener
157,758,glavni trener
158,759,glavni trener
158,760,pomocni trener
158,761,glavni trener
158,762,pomocni trener
158,763,glavni trener
158,764,pomocni trener
158,765,glavni trener
159,766,glavni trener
159,767,pomocni trener
159,768,glavni trener
160,769,pomocni trener
160,770,glavni trener
160,771,glavni trener
160,772,glavni trener
160,773,pomocni trener
160,774,glavni trener
161,775,pomocni trener
161,776,pomocni trener
161,777,glavni trener
161,778,pomocni trener
162,779,pomocni trener
162,780,pomocni trener
162,781,glavni trener
162,782,pomocni trener
162,783,pomocni trener
162,784,glavni trener
162,785,glavni trener
163,786,glavni trener
163,787,pomocni trener
163,788,pomocni trener
163,789,glavni trener
163,790,glavni trener
163,791,glavni trener
164,792,pomocni trener
164,793,glavni trener
164,794,pomocni trener
164,795,pomocni trener
165,796,pomocni trener
165,797,pomocni trener
165,798,glavni trener
165,799,glavni trener
165,800,pomocni trener
165,801,pomocni trener
165,802,glavni trener
166,803,pomocni trener
166,804,glavni trener
166,805,pomocni trener
166,806,pomocni trener
166,807,glavni trener
167,808,glavni trener
167,809,pomocni trener
167,810,glavni trener
167,811,glavni trener
167,812,glavni trener
167,813,pomocni trener
167,814,pomocni trener
168,815,pomocni trener
168,816,pomocni trener
168,817,glavni trener
169,818,pomocni trener
169,819,pomocni trener
169,820,glavni trener
170,821,pomocni trener
170,822,glavni trener
170,823,pomocni trener
171,824,glavni trener
171,825,pomocni trener
171,826,pomocni trener
171,827,glavni trener
172,828,glavni trener
172,829,pomocni trener
172,830,glavni trener
172,831,pomocni trener
173,832,glavni trener
173,833,glavni trener
173,834,pomocni trener
173,835,pomocni trener
173,836,pomocni trener
173,837,glavni trener
173,838,glavni trener
174,839,glavni trener
174,840,pomocni trener
174,841,glavni trener
175,842,pomocni trener
175,843,glavni trener
175,844,pomocni trener
176,845,pomocni trener
176,846,pomocni trener
176,847,glavni trener
176,848,pomocni trener
176,849,pomocni trener
177,850,glavni trener
177,851,glavni trener
177,852,glavni trener
178,853,pomocni trener
178,854,glavni trener
178,855,glavni trener
178,856,pomocni trener
178,857,glavni trener
179,858,pomocni trener
179,859,glavni trener
179,860,glavni trener
179,861,glavni trener
179,862,pomocni trener
180,863,pomocni trener
180,864,glavni trener
180,865,pomocni trener
180,866,pomocni trener
180,867,glavni trener
180,868,glavni trener
181,869,pomocni trener
181,870,glavni trener
181,871,glavni trener
181,872,pomocni trener
181,873,glavni trener
181,874,glavni trener
181,875,glavni trener
182,876,glavni trener
182,877,pomocni trener
182,878,glavni trener
182,879,pomocni trener
182,880,pomocni trener
183,881,glavni trener
183,882,glavni trener
183,883,glavni trener
183,884,pomocni trener
183,885,glavni trener
184,886,pomocni trener
184,887,pomocni trener
184,888,pomocni trener
184,889,glavni trener
184,890,pomocni trener
185,891,glavni trener
185,892,pomocni trener
185,893,pomocni trener
185,894,pomocni trener
185,895,glavni trener
185,896,pomocni trener
186,897,pomocni trener
186,898,glavni trener
186,899,glavni trener
187,900,pomocni trener
187,901,pomocni trener
187,902,glavni trener
187,903,glavni trener
187,904,glavni trener
187,905,glavni trener
188,906,glavni trener
188,907,glavni trener
188,908,pomocni trener
188,909,pomocni trener
188,910,pomocni trener
189,911,glavni trener
189,912,glavni trener
189,913,glavni trener
189,914,pomocni trener
189,915,pomocni trener
189,916,pomocni trener
189,917,pomocni trener
190,918,glavni trener
190,919,glavni trener
190,920,pomocni trener
190,921,pomocni trener
190,922,glavni trener
190,923,glavni trener
191,924,glavni trener
191,925,glavni trener
191,926,glavni trener
191,927,pomocni trener
191,928,pomocni trener
192,929,glavni trener
192,930,pomocni trener
192,931,pomocni trener
192,932,pomocni trener
193,933,glavni trener
193,934,glavni trener
193,935,glavni trener
193,936,glavni trener
193,937,pomocni trener
194,938,glavni trener
194,939,glavni trener
194,940,pomocni trener
195,941,pomocni trener
195,942,pomocni trener
195,943,glavni trener
195,944,glavni trener
196,945,pomocni trener
196,946,pomocni trener
196,947,pomocni trener
197,948,pomocni trener
197,949,glavni trener
197,950,glavni trener
197,951,glavni trener
197,952,glavni trener
197,953,glavni trener
198,954,pomocni trener
198,955,glavni trener
198,956,pomocni trener
198,957,pomocni trener
198,958,pomocni trener
199,959,pomocni trener
199,960,glavni trener
199,961,pomocni trener
199,962,glavni trener
199,963,pomocni trener
199,964,pomocni trener
200,965,pomocni trener
200,966,pomocni trener
200,967,pomocni trener
200,968,pomocni trener
200,969,pomocni trener
1,970,glavni trener
2,971,pomocni trener
3,972,glavni trener
4,973,pomocni trener
5,974,glavni trener
6,975,pomocni trener
7,976,glavni trener
8,977,pomocni trener
9,978,glavni trener
10,979,pomocni trener
11,980,glavni trener
12,981,pomocni trener
13,982,glavni trener
14,983,pomocni trener
15,984,glavni trener
16,985,pomocni trener
17,986,glavni trener
18,987,pomocni trener
19,988,glavni trener
20,989,pomocni trener
21,990,glavni trener
22,991,pomocni trener
23,992,glavni trener
24,993,pomocni trener
25,994,glavni trener
26,995,pomocni trener
27,996,glavni trener
28,997,pomocni trener
29,998,glavni trener
30,999,pomocni trener
31,1000,glavni trener
